,Day,Ad group,Avg. CPC,CTR,Campaign,Clicks,Conv. rate,Conversions,Cost,Cost / conv.,Final URL,Impr.,Keyword,Keyword status,Max. CPC,Mobile final URL,Status
0,2018-08-31,miratrix_ppc_adgroup,2.4905625752283767,16.894144144144143,miratrix_ppc,75,0.22522522522522523,1,1105.8097834013993,1105.8097834013993,Text,7501,keyword,Active,2.6,Text,Active
1,2018-09-01,miratrix_ppc_adgroup,2.4721612687184185,5.976133651551312,miratrix_ppc,17,1.1933174224343674,5,1035.8355715930172,207.16711431860344,Text,2504,keyword,Active,2.6,Text,Active
2,2018-09-02,miratrix_ppc_adgroup,2.508560732433795,6.8249194414607945,miratrix_ppc,3,0.10741138560687433,1,2335.4700418958632,2335.4700418958632,Text,6354,keyword,Active,2.6,Text,Active
3,2018-09-03,miratrix_ppc_adgroup,2.5489186866171125,8.058365758754864,miratrix_ppc,99,2.7237354085603114,7,655.0721024605979,93.58172892294256,Text,2071,keyword,Active,2.6,Text,Active
4,2018-09-04,miratrix_ppc_adgroup,2.414867769133888,6.884937238493724,miratrix_ppc,93,1.4644351464435146,7,1154.3067936459984,164.9009705208569,Text,3291,keyword,Active,2.6,Text,Active
5,2018-09-05,miratrix_ppc_adgroup,2.452470587313569,5.673491379310345,miratrix_ppc,27,0.9698275862068966,9,2275.8927050269917,252.8769672252213,Text,5265,keyword,Active,2.6,Text,Active
6,2018-09-06,miratrix_ppc_adgroup,2.457438987379255,114.47887323943662,miratrix_ppc,13,7.042253521126761,5,174.47816810392712,34.895633620785425,Text,8128,keyword,Active,2.6,Text,Active
7,2018-09-07,miratrix_ppc_adgroup,2.418805027346347,2.911144578313253,miratrix_ppc,25,0.15060240963855423,1,1606.0865381579742,1606.0865381579742,Text,1933,keyword,Active,2.6,Text,Active
8,2018-09-08,miratrix_ppc_adgroup,2.5474569997580825,19.217277486910994,miratrix_ppc,47,1.5706806282722512,6,973.1285739075876,162.1880956512646,Text,7341,keyword,Active,2.6,Text,Active
9,2018-09-09,miratrix_ppc_adgroup,2.508790631771196,30.20740740740741,miratrix_ppc,25,2.5925925925925926,7,677.373470578223,96.76763865403186,Text,8156,keyword,Active,2.6,Text,Active
10,2018-09-10,miratrix_ppc_adgroup,2.4726374779164266,6.453790238836968,miratrix_ppc,10,0.20768431983385255,2,2381.1498912335187,1190.5749456167594,Text,6215,keyword,Active,2.6,Text,Active
11,2018-09-11,miratrix_ppc_adgroup,2.40050763763688,19.141350210970465,miratrix_ppc,13,0.42194092827004215,2,1137.840620239881,568.9203101199405,Text,9073,keyword,Active,2.6,Text,Active
12,2018-09-12,miratrix_ppc_adgroup,2.438614246447149,33.53260869565217,miratrix_ppc,37,1.4492753623188406,4,673.0575320194132,168.2643830048533,Text,9255,keyword,Active,2.6,Text,Active
13,2018-09-13,miratrix_ppc_adgroup,2.419383719684934,0.22727272727272727,miratrix_ppc,21,0.7371007371007371,6,1969.3783478235364,328.2297246372561,Text,185,keyword,Active,2.6,Text,Active
14,2018-09-14,miratrix_ppc_adgroup,2.5224516507925694,9.37518910741301,miratrix_ppc,17,0.6051437216338881,4,1667.3405411738884,416.8351352934721,Text,6197,keyword,Active,2.6,Text,Active
15,2018-09-15,miratrix_ppc_adgroup,2.438762659039984,8.314285714285715,miratrix_ppc,93,0.35714285714285715,2,1365.707089062391,682.8535445311956,Text,4656,keyword,Active,2.6,Text,Active
16,2018-09-16,miratrix_ppc_adgroup,2.426608350282997,13.090647482014388,miratrix_ppc,77,0.14388489208633093,1,1686.492803446683,1686.492803446683,Text,9098,keyword,Active,2.6,Text,Active
17,2018-09-17,miratrix_ppc_adgroup,2.4934358918724295,4.556414219474497,miratrix_ppc,50,0.1545595054095827,1,1613.253022041462,1613.253022041462,Text,2948,keyword,Active,2.6,Text,Active
18,2018-09-18,miratrix_ppc_adgroup,2.4207182602098127,4.8563829787234045,miratrix_ppc,6,0.2127659574468085,2,2275.475164597224,1137.737582298612,Text,4565,keyword,Active,2.6,Text,Active
19,2018-09-19,miratrix_ppc_adgroup,2.4077616438400358,13.953172205438067,miratrix_ppc,76,1.3595166163141994,9,1593.9382082221036,177.10424535801153,Text,9237,keyword,Active,2.6,Text,Active
20,2018-09-20,miratrix_ppc_adgroup,2.390330337646522,10.250467289719627,miratrix_ppc,63,0.3738317757009346,2,1278.8267306408893,639.4133653204447,Text,5484,keyword,Active,2.6,Text,Active
21,2018-09-21,miratrix_ppc_adgroup,2.485734160174993,0.04259259259259259,miratrix_ppc,12,1.6666666666666667,9,1342.2964464944962,149.14404961049956,Text,23,keyword,Active,2.6,Text,Active
22,2018-09-22,miratrix_ppc_adgroup,2.5411295419967908,9.173529411764706,miratrix_ppc,48,2.941176470588235,10,863.9840442789089,86.39840442789088,Text,3119,keyword,Active,2.6,Text,Active
23,2018-09-23,miratrix_ppc_adgroup,2.516037020559377,71.38260869565218,miratrix_ppc,44,1.7391304347826086,2,289.34425736432837,144.67212868216419,Text,8209,keyword,Active,2.6,Text,Active
24,2018-09-24,miratrix_ppc_adgroup,2.536656967950414,1210.1666666666667,miratrix_ppc,86,150.0,9,15.219941807702483,1.6911046453002758,Text,7261,keyword,Active,2.6,Text,Active
25,2018-09-25,miratrix_ppc_adgroup,2.428055954024867,10.770167427701674,miratrix_ppc,73,0.30441400304414,2,1595.2327617943376,797.6163808971688,Text,7076,keyword,Active,2.6,Text,Active
26,2018-09-26,miratrix_ppc_adgroup,2.532326466872533,2.2241653418124008,miratrix_ppc,99,1.2718600953895072,8,1592.8333476628231,199.1041684578529,Text,1399,keyword,Active,2.6,Text,Active
27,2018-09-27,miratrix_ppc_adgroup,2.5305081945751717,10.31842105263158,miratrix_ppc,73,0.5263157894736842,2,961.5931139385652,480.7965569692826,Text,3921,keyword,Active,2.6,Text,Active
28,2018-09-28,miratrix_ppc_adgroup,2.502736917356763,3.419928825622776,miratrix_ppc,20,0.3558718861209964,1,703.2690737772505,703.2690737772505,Text,961,keyword,Active,2.6,Text,Active
29,2018-09-29,miratrix_ppc_adgroup,2.4839133576569847,25.317460317460316,miratrix_ppc,41,3.968253968253968,5,312.9730830647801,62.59461661295602,Text,3190,keyword,Active,2.6,Text,Active
30,2018-09-30,miratrix_ppc_adgroup,2.4317786414494287,7.516166281755196,miratrix_ppc,59,0.4618937644341801,4,2105.920303495205,526.4800758738013,Text,6509,keyword,Active,2.6,Text,Active
31,2018-10-01,miratrix_ppc_adgroup,2.5007449033830076,27.024734982332156,miratrix_ppc,52,3.180212014134275,9,707.7108076573911,78.63453418415457,Text,7648,keyword,Active,2.6,Text,Active
32,2018-10-02,miratrix_ppc_adgroup,2.5252536834219454,6.546242774566474,miratrix_ppc,93,0.2890173410404624,1,873.7377744639931,873.7377744639931,Text,2265,keyword,Active,2.6,Text,Active
33,2018-10-03,miratrix_ppc_adgroup,2.500227503705871,27.19672131147541,miratrix_ppc,90,14.754098360655737,9,152.51387772605813,16.94598641400646,Text,1659,keyword,Active,2.6,Text,Active
34,2018-10-04,miratrix_ppc_adgroup,2.461719460772395,3.1219047619047617,miratrix_ppc,5,0.38095238095238093,2,1292.4027169055073,646.2013584527537,Text,1639,keyword,Active,2.6,Text,Active
35,2018-10-05,miratrix_ppc_adgroup,2.4842008327659606,9.178260869565218,miratrix_ppc,39,1.956521739130435,9,1142.732383072342,126.97026478581577,Text,4222,keyword,Active,2.6,Text,Active
36,2018-10-06,miratrix_ppc_adgroup,2.414951810258778,2.9446680080482897,miratrix_ppc,89,0.1006036217303823,1,2400.4620993972253,2400.4620993972253,Text,2927,keyword,Active,2.6,Text,Active
37,2018-10-07,miratrix_ppc_adgroup,2.466633820002648,10.524330900243308,miratrix_ppc,37,0.6082725060827251,5,2027.5730000421765,405.5146000084353,Text,8651,keyword,Active,2.6,Text,Active
38,2018-10-08,miratrix_ppc_adgroup,2.401743615791576,0.7265388496468214,miratrix_ppc,23,0.7063572149344097,7,2380.127923249452,340.0182747499217,Text,720,keyword,Active,2.6,Text,Active
39,2018-10-09,miratrix_ppc_adgroup,2.393398732920417,42.74193548387097,miratrix_ppc,66,5.806451612903226,9,370.97680360266463,41.219644844740515,Text,6625,keyword,Active,2.6,Text,Active
40,2018-10-10,miratrix_ppc_adgroup,2.440766236363537,18.76558603491272,miratrix_ppc,27,0.24937655860349126,1,978.7472607817784,978.7472607817784,Text,7525,keyword,Active,2.6,Text,Active
41,2018-10-11,miratrix_ppc_adgroup,2.5352149009756935,24.473684210526315,miratrix_ppc,42,15.789473684210526,9,144.50724935561453,16.056361039512726,Text,1395,keyword,Active,2.6,Text,Active
42,2018-10-12,miratrix_ppc_adgroup,2.4180697935955586,6.698076923076923,miratrix_ppc,67,0.576923076923077,3,1257.3962926696904,419.13209755656345,Text,3483,keyword,Active,2.6,Text,Active
43,2018-10-13,miratrix_ppc_adgroup,2.442080743590378,1.539568345323741,miratrix_ppc,31,0.7194244604316548,1,339.44922335906256,339.44922335906256,Text,214,keyword,Active,2.6,Text,Active
44,2018-10-14,miratrix_ppc_adgroup,2.4367892466821046,2.5492610837438425,miratrix_ppc,89,1.2315270935960592,5,989.3364341529344,197.8672868305869,Text,1035,keyword,Active,2.6,Text,Active
45,2018-10-15,miratrix_ppc_adgroup,2.4142084395054297,11.68939393939394,miratrix_ppc,80,1.3257575757575757,7,1274.702056058867,182.10029372269528,Text,6172,keyword,Active,2.6,Text,Active
46,2018-10-16,miratrix_ppc_adgroup,2.4431137215944587,5.781294964028777,miratrix_ppc,10,0.8633093525179856,6,1697.9640365081489,282.9940060846915,Text,4018,keyword,Active,2.6,Text,Active
47,2018-10-17,miratrix_ppc_adgroup,2.53150603273918,36.59375,miratrix_ppc,55,6.25,2,81.00819304765376,40.50409652382688,Text,1171,keyword,Active,2.6,Text,Active
48,2018-10-18,miratrix_ppc_adgroup,2.4831579855360064,5.71830985915493,miratrix_ppc,23,1.8779342723004695,4,528.9126509191693,132.22816272979233,Text,1218,keyword,Active,2.6,Text,Active
49,2018-10-19,miratrix_ppc_adgroup,2.422328186414041,8.840108401084011,miratrix_ppc,30,1.3550135501355014,5,893.839100786781,178.7678201573562,Text,3262,keyword,Active,2.6,Text,Active
50,2018-10-20,miratrix_ppc_adgroup,2.530193996832765,9.30583214793741,miratrix_ppc,55,0.1422475106685633,1,1778.7263797734338,1778.7263797734338,Text,6542,keyword,Active,2.6,Text,Active
51,2018-10-21,miratrix_ppc_adgroup,2.5332073818585066,9.702554744525548,miratrix_ppc,91,1.6423357664233578,9,1388.1976452584615,154.24418280649573,Text,5317,keyword,Active,2.6,Text,Active
52,2018-10-22,miratrix_ppc_adgroup,2.5297743792324128,16.777251184834125,miratrix_ppc,30,4.739336492890995,10,533.7823940180391,53.37823940180391,Text,3540,keyword,Active,2.6,Text,Active
53,2018-10-23,miratrix_ppc_adgroup,2.491948227134135,17.768817204301076,miratrix_ppc,69,1.6129032258064515,9,1390.5071107408473,154.50079008231637,Text,9915,keyword,Active,2.6,Text,Active
54,2018-10-24,miratrix_ppc_adgroup,2.4886901961365293,5.121069182389937,miratrix_ppc,73,0.628930817610063,4,1582.8069647428326,395.70174118570816,Text,3257,keyword,Active,2.6,Text,Active
55,2018-10-25,miratrix_ppc_adgroup,2.4946968831583796,2.0533333333333332,miratrix_ppc,69,0.7272727272727273,6,2058.124928605663,343.0208214342772,Text,1694,keyword,Active,2.6,Text,Active
56,2018-10-26,miratrix_ppc_adgroup,2.4636272715280456,6.844331641285956,miratrix_ppc,53,0.8460236886632826,5,1456.0037174730749,291.200743494615,Text,4045,keyword,Active,2.6,Text,Active
57,2018-10-27,miratrix_ppc_adgroup,2.4117307503830085,17.541984732824428,miratrix_ppc,73,3.0534351145038165,4,315.93672830017414,78.98418207504353,Text,2298,keyword,Active,2.6,Text,Active
58,2018-10-28,miratrix_ppc_adgroup,2.4206044410725736,2.014851485148515,miratrix_ppc,76,3.4653465346534658,7,488.9620970966599,69.8517281566657,Text,407,keyword,Active,2.6,Text,Active
59,2018-10-29,miratrix_ppc_adgroup,2.503856936264965,10.148698884758364,miratrix_ppc,17,0.9913258983890955,8,2020.6125475658268,252.57656844572836,Text,8190,keyword,Active,2.6,Text,Active
60,2018-10-30,miratrix_ppc_adgroup,2.457321588920285,17.358047016274863,miratrix_ppc,57,1.4466546112115732,8,1358.8988386729175,169.86235483411468,Text,9599,keyword,Active,2.6,Text,Active
61,2018-10-31,miratrix_ppc_adgroup,2.458930326114904,11.815,miratrix_ppc,78,0.125,1,1967.1442608919233,1967.1442608919233,Text,9452,keyword,Active,2.6,Text,Active
62,2018-11-01,miratrix_ppc_adgroup,2.424474474963988,49.82222222222222,miratrix_ppc,69,0.5555555555555556,1,436.4054054935179,436.4054054935179,Text,8968,keyword,Active,2.6,Text,Active
63,2018-11-02,miratrix_ppc_adgroup,2.500499172541304,5.4066985645933014,miratrix_ppc,73,1.1961722488038278,10,2090.41730824453,209.041730824453,Text,4520,keyword,Active,2.6,Text,Active
64,2018-11-03,miratrix_ppc_adgroup,2.424705940752785,8.652522935779816,miratrix_ppc,1,0.45871559633027525,4,2114.343580336428,528.585895084107,Text,7545,keyword,Active,2.6,Text,Active
65,2018-11-04,miratrix_ppc_adgroup,2.443409452256578,5.565027322404371,miratrix_ppc,46,0.4371584699453552,4,2235.719648814769,558.9299122036922,Text,5092,keyword,Active,2.6,Text,Active
66,2018-11-05,miratrix_ppc_adgroup,2.5260955649801113,13.145299145299145,miratrix_ppc,47,0.4273504273504274,3,1773.3190866160382,591.106362205346,Text,9228,keyword,Active,2.6,Text,Active
67,2018-11-06,miratrix_ppc_adgroup,2.547975993436216,3.987110633727175,miratrix_ppc,56,0.7518796992481203,7,2372.165649889117,338.88080712701674,Text,3712,keyword,Active,2.6,Text,Active
68,2018-11-07,miratrix_ppc_adgroup,2.432070706072668,17.90573770491803,miratrix_ppc,57,0.4098360655737705,2,1186.850504563462,593.425252281731,Text,8738,keyword,Active,2.6,Text,Active
69,2018-11-08,miratrix_ppc_adgroup,2.4078251088440608,12.038997214484679,miratrix_ppc,62,2.785515320334262,10,864.4092140750178,86.44092140750178,Text,4322,keyword,Active,2.6,Text,Active
70,2018-11-09,miratrix_ppc_adgroup,2.5414962877989535,5.019736842105263,miratrix_ppc,28,0.9868421052631579,3,772.6148714908819,257.53829049696066,Text,1526,keyword,Active,2.6,Text,Active
71,2018-11-10,miratrix_ppc_adgroup,2.492857102946474,10.89031339031339,miratrix_ppc,7,0.8547008547008548,6,1749.9856862684246,291.66428104473744,Text,7645,keyword,Active,2.6,Text,Active
72,2018-11-11,miratrix_ppc_adgroup,2.445571920249844,0.9664634146341463,miratrix_ppc,43,1.524390243902439,5,802.1475898419488,160.42951796838977,Text,317,keyword,Active,2.6,Text,Active
73,2018-11-12,miratrix_ppc_adgroup,2.441785632115168,12.436144578313254,miratrix_ppc,31,0.9638554216867471,4,1013.3410373277948,253.3352593319487,Text,5161,keyword,Active,2.6,Text,Active
74,2018-11-13,miratrix_ppc_adgroup,2.4721321052384395,10.51617873651772,miratrix_ppc,83,1.078582434514638,7,1604.4137362997471,229.2019623285353,Text,6825,keyword,Active,2.6,Text,Active
75,2018-11-14,miratrix_ppc_adgroup,2.493481044465105,7.372679045092839,miratrix_ppc,32,0.1326259946949602,1,1880.0847075266893,1880.0847075266893,Text,5559,keyword,Active,2.6,Text,Active
76,2018-11-15,miratrix_ppc_adgroup,2.4581794954906213,7.973045822102426,miratrix_ppc,14,0.13477088948787064,1,1823.969185654041,1823.969185654041,Text,5916,keyword,Active,2.6,Text,Active
77,2018-11-16,miratrix_ppc_adgroup,2.5027463212007475,34.84090909090909,miratrix_ppc,51,2.727272727272727,6,550.6041906641644,91.76736511069407,Text,7665,keyword,Active,2.6,Text,Active
78,2018-11-17,miratrix_ppc_adgroup,2.5087016578721624,217.56666666666666,miratrix_ppc,48,20.0,6,75.26104973616486,12.54350828936081,Text,6527,keyword,Active,2.6,Text,Active
79,2018-11-18,miratrix_ppc_adgroup,2.3904984044066597,25.011661807580175,miratrix_ppc,10,1.749271137026239,6,819.9409527114843,136.65682545191405,Text,8579,keyword,Active,2.6,Text,Active
80,2018-11-19,miratrix_ppc_adgroup,2.4976406091136485,8.037362637362637,miratrix_ppc,28,0.8791208791208791,8,2272.85295429342,284.1066192866775,Text,7314,keyword,Active,2.6,Text,Active
81,2018-11-20,miratrix_ppc_adgroup,2.4820367474926988,4.475675675675675,miratrix_ppc,92,1.3513513513513513,10,1836.707193144597,183.67071931445972,Text,3312,keyword,Active,2.6,Text,Active
82,2018-11-21,miratrix_ppc_adgroup,2.4814855795939894,10.712146422628951,miratrix_ppc,15,0.49916805324459235,3,1491.3728333359877,497.1242777786626,Text,6438,keyword,Active,2.6,Text,Active
83,2018-11-22,miratrix_ppc_adgroup,2.4688702765417503,9.310109289617486,miratrix_ppc,61,0.273224043715847,2,1807.2130424285613,903.6065212142806,Text,6815,keyword,Active,2.6,Text,Active
84,2018-11-23,miratrix_ppc_adgroup,2.500650429172591,2.8727655099894847,miratrix_ppc,6,0.10515247108307045,1,2378.118558143134,2378.118558143134,Text,2732,keyword,Active,2.6,Text,Active
85,2018-11-24,miratrix_ppc_adgroup,2.498573077102292,16.18466898954704,miratrix_ppc,9,1.5679442508710801,9,1434.1809462567157,159.3534384729684,Text,9290,keyword,Active,2.6,Text,Active
86,2018-11-25,miratrix_ppc_adgroup,2.410564644670949,42.22764227642276,miratrix_ppc,19,4.878048780487805,6,296.49945129452675,49.416575215754456,Text,5194,keyword,Active,2.6,Text,Active
87,2018-11-26,miratrix_ppc_adgroup,2.4697627456987803,0.7926829268292683,miratrix_ppc,94,0.975609756097561,8,2025.2054514729998,253.15068143412498,Text,650,keyword,Active,2.6,Text,Active
88,2018-11-27,miratrix_ppc_adgroup,2.4039288061321957,6.222336065573771,miratrix_ppc,39,0.3073770491803279,3,2346.234514785023,782.0781715950076,Text,6073,keyword,Active,2.6,Text,Active
89,2018-11-28,miratrix_ppc_adgroup,2.5476056021556497,3.496342737722048,miratrix_ppc,41,0.6269592476489028,6,2438.0585612629566,406.3430935438261,Text,3346,keyword,Active,2.6,Text,Active
90,2018-11-29,miratrix_ppc_adgroup,2.4545601284542817,44.08849557522124,miratrix_ppc,67,0.8849557522123894,1,277.36529451533386,277.36529451533386,Text,4982,keyword,Active,2.6,Text,Active
91,2018-11-30,miratrix_ppc_adgroup,2.4545370071325565,18.495951417004047,miratrix_ppc,89,1.0121457489878543,5,1212.541281523483,242.50825630469657,Text,9137,keyword,Active,2.6,Text,Active
92,2018-12-01,miratrix_ppc_adgroup,2.491004343267472,0.5726708074534161,miratrix_ppc,58,0.6211180124223602,5,2005.258496330315,401.051699266063,Text,461,keyword,Active,2.6,Text,Active
93,2018-12-02,miratrix_ppc_adgroup,2.4743765843959253,2.904819277108434,miratrix_ppc,33,1.0843373493975903,9,2053.732565048618,228.19250722762425,Text,2411,keyword,Active,2.6,Text,Active
94,2018-12-03,miratrix_ppc_adgroup,2.5317085521190132,5.684146341463415,miratrix_ppc,91,0.12195121951219512,1,2076.001012737591,2076.001012737591,Text,4661,keyword,Active,2.6,Text,Active
95,2018-12-04,miratrix_ppc_adgroup,2.5489290216201503,7.202043132803632,miratrix_ppc,25,0.5675368898978433,5,2245.6064680473523,449.12129360947046,Text,6345,keyword,Active,2.6,Text,Active
96,2018-12-05,miratrix_ppc_adgroup,2.533878597173897,2.886178861788618,miratrix_ppc,79,0.3048780487804878,3,2493.336539619115,831.1121798730383,Text,2840,keyword,Active,2.6,Text,Active
97,2018-12-06,miratrix_ppc_adgroup,2.4968123326691636,6.39821029082774,miratrix_ppc,25,0.22371364653243847,1,1116.075112703116,1116.075112703116,Text,2860,keyword,Active,2.6,Text,Active
98,2018-12-07,miratrix_ppc_adgroup,2.402612823508476,12.917293233082706,miratrix_ppc,13,1.5037593984962405,2,319.54750552662733,159.77375276331367,Text,1718,keyword,Active,2.6,Text,Active
99,2018-12-08,miratrix_ppc_adgroup,2.504377813352618,23.27027027027027,miratrix_ppc,89,3.088803088803089,8,648.633853658328,81.079231707291,Text,6027,keyword,Active,2.6,Text,Active
100,2018-12-09,miratrix_ppc_adgroup,2.442095324215032,19.376543209876544,miratrix_ppc,44,4.938271604938271,8,395.61944252283513,49.45243031535439,Text,3139,keyword,Active,2.6,Text,Active
101,2018-12-10,miratrix_ppc_adgroup,2.4527700093075255,4.147450110864745,miratrix_ppc,72,0.22172949002217296,2,2212.398548395388,1106.199274197694,Text,3741,keyword,Active,2.6,Text,Active
102,2018-12-11,miratrix_ppc_adgroup,2.4101438644625333,14.584615384615384,miratrix_ppc,100,1.2307692307692308,4,783.2967559503234,195.82418898758084,Text,4740,keyword,Active,2.6,Text,Active
103,2018-12-12,miratrix_ppc_adgroup,2.51500372197336,13.261460101867572,miratrix_ppc,17,0.5093378607809848,3,1481.337192242309,493.7790640807696,Text,7811,keyword,Active,2.6,Text,Active
104,2018-12-13,miratrix_ppc_adgroup,2.5125220599511984,324.5,miratrix_ppc,64,300.0,6,5.025044119902397,0.8375073533170662,Text,649,keyword,Active,2.6,Text,Active
105,2018-12-14,miratrix_ppc_adgroup,2.5040922296851575,11.480544747081712,miratrix_ppc,20,0.5836575875486382,3,1287.103406058171,429.034468686057,Text,5901,keyword,Active,2.6,Text,Active
106,2018-12-15,miratrix_ppc_adgroup,2.4185088992839794,0.8116805721096544,miratrix_ppc,65,1.1918951132300357,10,2029.1289664992587,202.91289664992587,Text,681,keyword,Active,2.6,Text,Active
107,2018-12-16,miratrix_ppc_adgroup,2.477608807185114,62.29139072847682,miratrix_ppc,65,5.298013245033113,8,374.1189298849522,46.764866235619024,Text,9406,keyword,Active,2.6,Text,Active
108,2018-12-17,miratrix_ppc_adgroup,2.4962442668190383,14.21531100478469,miratrix_ppc,21,1.1164274322169059,7,1565.145155295537,223.5921650422196,Text,8913,keyword,Active,2.6,Text,Active
109,2018-12-18,miratrix_ppc_adgroup,2.3986811620678377,8.689119170984457,miratrix_ppc,45,1.16580310880829,9,1851.7818571163707,205.75353967959674,Text,6708,keyword,Active,2.6,Text,Active
110,2018-12-19,miratrix_ppc_adgroup,2.3914907330615747,1.7393509127789046,miratrix_ppc,54,0.10141987829614604,1,2358.0098627987127,2358.0098627987127,Text,1715,keyword,Active,2.6,Text,Active
111,2018-12-20,miratrix_ppc_adgroup,2.445895091822843,33.60795454545455,miratrix_ppc,28,2.840909090909091,5,430.47753616082036,86.09550723216407,Text,5915,keyword,Active,2.6,Text,Active
112,2018-12-21,miratrix_ppc_adgroup,2.530973612809528,2.4311649016641455,miratrix_ppc,49,0.30257186081694404,2,1672.9735580670979,836.4867790335489,Text,1607,keyword,Active,2.6,Text,Active
113,2018-12-22,miratrix_ppc_adgroup,2.4517050307732307,0.8668885191347754,miratrix_ppc,17,0.8319467554076538,5,1473.4747234947117,294.6949446989423,Text,521,keyword,Active,2.6,Text,Active
114,2018-12-23,miratrix_ppc_adgroup,2.4099908164356765,9.08974358974359,miratrix_ppc,4,0.8158508158508158,7,2067.7721205018106,295.3960172145444,Text,7799,keyword,Active,2.6,Text,Active
115,2018-12-24,miratrix_ppc_adgroup,2.401496222365367,9.927659574468086,miratrix_ppc,42,0.851063829787234,6,1693.0548367675835,282.17580612793057,Text,6999,keyword,Active,2.6,Text,Active
116,2018-12-25,miratrix_ppc_adgroup,2.4607654974456112,3.172514619883041,miratrix_ppc,83,0.7309941520467835,5,1683.163600252798,336.6327200505596,Text,2170,keyword,Active,2.6,Text,Active
117,2018-12-26,miratrix_ppc_adgroup,2.497567073403697,4.044685990338165,miratrix_ppc,17,0.8454106280193237,7,2067.985536778261,295.4265052540373,Text,3349,keyword,Active,2.6,Text,Active
118,2018-12-27,miratrix_ppc_adgroup,2.4864406780603656,6.536036036036036,miratrix_ppc,32,0.45045045045045046,3,1655.9694915882035,551.9898305294012,Text,4353,keyword,Active,2.6,Text,Active
119,2018-12-28,miratrix_ppc_adgroup,2.406269823948977,9.802105263157895,miratrix_ppc,74,0.7368421052631579,7,2285.9563327515284,326.5651903930755,Text,9312,keyword,Active,2.6,Text,Active
120,2018-12-29,miratrix_ppc_adgroup,2.474586022007317,9.675373134328359,miratrix_ppc,21,2.6119402985074625,7,663.1890538979609,94.74129341399441,Text,2593,keyword,Active,2.6,Text,Active
121,2018-12-30,miratrix_ppc_adgroup,2.398790272275563,8.94079794079794,miratrix_ppc,11,0.5148005148005148,4,1863.8600415581125,465.9650103895281,Text,6947,keyword,Active,2.6,Text,Active
122,2018-12-31,miratrix_ppc_adgroup,2.393573784383048,4.689202825428859,miratrix_ppc,37,0.7063572149344097,7,2372.0316203236002,338.8616600462286,Text,4647,keyword,Active,2.6,Text,Active
123,2019-01-01,miratrix_ppc_adgroup,2.487831951198508,1.1037234042553192,miratrix_ppc,3,1.3297872340425532,10,1870.849627301278,187.08496273012778,Text,830,keyword,Active,2.6,Text,Active
124,2019-01-02,miratrix_ppc_adgroup,2.4587601734850497,10.971098265895954,miratrix_ppc,31,0.4335260115606936,3,1701.4620400516544,567.1540133505515,Text,7592,keyword,Active,2.6,Text,Active
125,2019-01-03,miratrix_ppc_adgroup,2.4806535768019438,17.71189591078067,miratrix_ppc,94,1.3011152416356877,7,1334.5916243194458,190.6559463313494,Text,9529,keyword,Active,2.6,Text,Active
126,2019-01-04,miratrix_ppc_adgroup,2.4056961517311275,11.830258302583026,miratrix_ppc,46,2.214022140221402,6,651.9436571191355,108.6572761865226,Text,3206,keyword,Active,2.6,Text,Active
127,2019-01-05,miratrix_ppc_adgroup,2.4977858438236034,1.8928571428571428,miratrix_ppc,95,3.2467532467532463,10,769.3180398976698,76.93180398976698,Text,583,keyword,Active,2.6,Text,Active
128,2019-01-06,miratrix_ppc_adgroup,2.417916651792761,9.187626774847871,miratrix_ppc,57,0.3042596348884381,3,2384.0658186676624,794.6886062225541,Text,9059,keyword,Active,2.6,Text,Active
129,2019-01-07,miratrix_ppc_adgroup,2.491907780324923,4.6875852660300135,miratrix_ppc,73,0.4092769440654843,3,1826.5684029781687,608.8561343260562,Text,3436,keyword,Active,2.6,Text,Active
130,2019-01-08,miratrix_ppc_adgroup,2.5362385859423426,9.454035874439462,miratrix_ppc,97,0.4484304932735426,4,2262.3248186605697,565.5812046651424,Text,8433,keyword,Active,2.6,Text,Active
131,2019-01-09,miratrix_ppc_adgroup,2.52022456854885,12.62280701754386,miratrix_ppc,44,8.771929824561402,10,287.3056008145689,28.73056008145689,Text,1439,keyword,Active,2.6,Text,Active
132,2019-01-10,miratrix_ppc_adgroup,2.4588399027046806,19.348534201954397,miratrix_ppc,90,1.9543973941368076,6,754.8638501303369,125.81064168838948,Text,5940,keyword,Active,2.6,Text,Active
133,2019-01-11,miratrix_ppc_adgroup,2.4665042931408148,25.746794871794872,miratrix_ppc,12,1.282051282051282,4,769.5493394599342,192.38733486498356,Text,8033,keyword,Active,2.6,Text,Active
134,2019-01-12,miratrix_ppc_adgroup,2.5182777367737024,18.990138067061142,miratrix_ppc,39,0.591715976331361,3,1276.7668125442672,425.58893751475574,Text,9628,keyword,Active,2.6,Text,Active
135,2019-01-13,miratrix_ppc_adgroup,2.449206244420281,11.165242165242166,miratrix_ppc,53,1.1396011396011396,8,1719.3427835830373,214.91784794787966,Text,7838,keyword,Active,2.6,Text,Active
136,2019-01-14,miratrix_ppc_adgroup,2.4076380171680913,7.0466988727858295,miratrix_ppc,39,0.1610305958132045,1,1495.1432086613847,1495.1432086613847,Text,4376,keyword,Active,2.6,Text,Active
137,2019-01-15,miratrix_ppc_adgroup,2.3952153661181987,5.890643985419198,miratrix_ppc,2,0.7290400972053462,6,1971.2622463152775,328.54370771921293,Text,4848,keyword,Active,2.6,Text,Active
138,2019-01-16,miratrix_ppc_adgroup,2.4060822018776404,2.4114942528735632,miratrix_ppc,96,0.9195402298850575,4,1046.6457578167735,261.6614394541934,Text,1049,keyword,Active,2.6,Text,Active
139,2019-01-17,miratrix_ppc_adgroup,2.4163785005949037,14.232692307692307,miratrix_ppc,61,1.9230769230769231,10,1256.51682030935,125.65168203093499,Text,7401,keyword,Active,2.6,Text,Active
140,2019-01-18,miratrix_ppc_adgroup,2.4247959888285515,7.2009184845005745,miratrix_ppc,73,0.1148105625717566,1,2111.9973062696686,2111.9973062696686,Text,6272,keyword,Active,2.6,Text,Active
141,2019-01-19,miratrix_ppc_adgroup,2.4696417390237766,38.78832116788321,miratrix_ppc,33,2.9197080291970803,4,338.3409182462574,84.58522956156435,Text,5314,keyword,Active,2.6,Text,Active
142,2019-01-20,miratrix_ppc_adgroup,2.545913708149846,3.718279569892473,miratrix_ppc,83,1.7204301075268817,8,1183.8498742896784,147.9812342862098,Text,1729,keyword,Active,2.6,Text,Active
143,2019-01-21,miratrix_ppc_adgroup,2.4812822164618153,5.48025613660619,miratrix_ppc,86,0.7470651013874066,7,2324.961436824721,332.13734811781734,Text,5135,keyword,Active,2.6,Text,Active
144,2019-01-22,miratrix_ppc_adgroup,2.489882392401874,10.860655737704919,miratrix_ppc,70,1.1475409836065573,7,1518.828259365143,216.97546562359184,Text,6625,keyword,Active,2.6,Text,Active
145,2019-01-23,miratrix_ppc_adgroup,2.4711879342624288,11.803571428571429,miratrix_ppc,80,2.380952380952381,4,415.159572956088,103.789893239022,Text,1983,keyword,Active,2.6,Text,Active
146,2019-01-24,miratrix_ppc_adgroup,2.479188957337246,0.07076923076923076,miratrix_ppc,25,0.9230769230769231,3,805.736411134605,268.578803711535,Text,23,keyword,Active,2.6,Text,Active
147,2019-01-25,miratrix_ppc_adgroup,2.417572635875909,67.35074626865672,miratrix_ppc,10,3.731343283582089,5,323.9547332073718,64.79094664147436,Text,9025,keyword,Active,2.6,Text,Active
148,2019-01-26,miratrix_ppc_adgroup,2.494703493640101,9.495400788436267,miratrix_ppc,63,0.2628120893561104,2,1898.469358660117,949.2346793300585,Text,7226,keyword,Active,2.6,Text,Active
149,2019-01-27,miratrix_ppc_adgroup,2.4499832388269924,8.062692702980472,miratrix_ppc,32,1.027749229188078,10,2383.833691378664,238.3833691378664,Text,7845,keyword,Active,2.6,Text,Active
150,2019-01-28,miratrix_ppc_adgroup,2.5265490002434285,10.209450830140485,miratrix_ppc,13,0.7662835249042145,6,1978.2878671906046,329.7146445317674,Text,7994,keyword,Active,2.6,Text,Active
151,2019-01-29,miratrix_ppc_adgroup,2.467758494810111,7.844571428571428,miratrix_ppc,80,1.0285714285714285,9,2159.288682958847,239.9209647732052,Text,6864,keyword,Active,2.6,Text,Active
152,2019-01-30,miratrix_ppc_adgroup,2.531773206864631,10.143468950749465,miratrix_ppc,17,0.9635974304068522,9,2364.6761752115654,262.74179724572946,Text,9474,keyword,Active,2.6,Text,Active
153,2019-01-31,miratrix_ppc_adgroup,2.4481056229517897,6.5302375809935205,miratrix_ppc,84,0.9719222462203023,9,2266.945806853357,251.8828674281508,Text,6047,keyword,Active,2.6,Text,Active
154,2019-02-01,miratrix_ppc_adgroup,2.407814342597383,12.424757281553399,miratrix_ppc,82,1.2135922330097086,5,992.0195091501218,198.40390183002438,Text,5119,keyword,Active,2.6,Text,Active
155,2019-02-02,miratrix_ppc_adgroup,2.4740897707950102,4.968237704918033,miratrix_ppc,52,0.4098360655737705,4,2414.71161629593,603.6779040739825,Text,4849,keyword,Active,2.6,Text,Active
156,2019-02-03,miratrix_ppc_adgroup,2.4020606500543833,8.919905771495877,miratrix_ppc,16,0.9422850412249705,8,2039.3494918961715,254.91868648702143,Text,7573,keyword,Active,2.6,Text,Active
157,2019-02-04,miratrix_ppc_adgroup,2.442107331475526,4.067226890756302,miratrix_ppc,35,1.0084033613445378,6,1453.053862227938,242.17564370465632,Text,2420,keyword,Active,2.6,Text,Active
158,2019-02-05,miratrix_ppc_adgroup,2.522190243663641,6.979166666666667,miratrix_ppc,38,2.604166666666667,10,968.5210535668382,96.85210535668382,Text,2680,keyword,Active,2.6,Text,Active
159,2019-02-06,miratrix_ppc_adgroup,2.53346641758445,3.0231788079470197,miratrix_ppc,9,0.9933774834437087,3,765.1068581105038,255.03561937016795,Text,913,keyword,Active,2.6,Text,Active
160,2019-02-07,miratrix_ppc_adgroup,2.393319622850667,3.6420118343195265,miratrix_ppc,63,0.2958579881656805,2,1617.8840650470509,808.9420325235254,Text,2462,keyword,Active,2.6,Text,Active
161,2019-02-08,miratrix_ppc_adgroup,2.542064969795088,9.030063291139241,miratrix_ppc,92,1.2658227848101267,8,1606.5850609104957,200.82313261381196,Text,5707,keyword,Active,2.6,Text,Active
162,2019-02-09,miratrix_ppc_adgroup,2.503981172220223,3.155467720685112,miratrix_ppc,17,0.7905138339920948,6,1900.5217097151492,316.7536182858582,Text,2395,keyword,Active,2.6,Text,Active
163,2019-02-10,miratrix_ppc_adgroup,2.526793061777881,1.0539053905390539,miratrix_ppc,57,0.33003300330033003,3,2296.854893156094,765.618297718698,Text,958,keyword,Active,2.6,Text,Active
164,2019-02-11,miratrix_ppc_adgroup,2.5298205219453105,76.76,miratrix_ppc,40,8.0,4,126.49102609726552,31.62275652431638,Text,3838,keyword,Active,2.6,Text,Active
165,2019-02-12,miratrix_ppc_adgroup,2.546272191169692,2.4144542772861355,miratrix_ppc,100,0.14749262536873156,1,1726.3725456130512,1726.3725456130512,Text,1637,keyword,Active,2.6,Text,Active
166,2019-02-13,miratrix_ppc_adgroup,2.4210129003766396,10.285714285714286,miratrix_ppc,91,0.655307994757536,5,1847.232842987376,369.4465685974752,Text,7848,keyword,Active,2.6,Text,Active
167,2019-02-14,miratrix_ppc_adgroup,2.4100767960195095,615.8333333333334,miratrix_ppc,77,116.66666666666667,7,14.460460776117056,2.0657801108738654,Text,3695,keyword,Active,2.6,Text,Active
168,2019-02-15,miratrix_ppc_adgroup,2.4953052885854494,16.48198198198198,miratrix_ppc,13,0.45045045045045046,2,1107.9155481319394,553.9577740659697,Text,7318,keyword,Active,2.6,Text,Active
169,2019-02-16,miratrix_ppc_adgroup,2.45695173248363,15.307692307692308,miratrix_ppc,84,2.4615384615384617,8,798.5093130571797,99.81366413214747,Text,4975,keyword,Active,2.6,Text,Active
170,2019-02-17,miratrix_ppc_adgroup,2.528069582802049,17.877034358047016,miratrix_ppc,78,0.18083182640144665,1,1398.0224792895333,1398.0224792895333,Text,9886,keyword,Active,2.6,Text,Active
171,2019-02-18,miratrix_ppc_adgroup,2.5132932020029766,0.9486033519553073,miratrix_ppc,84,0.11173184357541899,1,2249.397415792664,2249.397415792664,Text,849,keyword,Active,2.6,Text,Active
172,2019-02-19,miratrix_ppc_adgroup,2.4605598702851412,14.83448275862069,miratrix_ppc,46,6.896551724137931,10,356.78118119134547,35.678118119134545,Text,2151,keyword,Active,2.6,Text,Active
173,2019-02-20,miratrix_ppc_adgroup,2.4168310816980885,17.16923076923077,miratrix_ppc,22,1.9780219780219779,9,1099.6581421726303,122.18423801918114,Text,7812,keyword,Active,2.6,Text,Active
174,2019-02-21,miratrix_ppc_adgroup,2.4425863825632033,10.670116429495472,miratrix_ppc,100,0.7761966364812419,6,1888.1192737213562,314.686545620226,Text,8248,keyword,Active,2.6,Text,Active
175,2019-02-22,miratrix_ppc_adgroup,2.5029671099531354,0.3296398891966759,miratrix_ppc,78,1.10803324099723,4,903.5711266930819,225.89278167327046,Text,119,keyword,Active,2.6,Text,Active
176,2019-02-23,miratrix_ppc_adgroup,2.4126234133315734,9.882736156351791,miratrix_ppc,76,2.2801302931596092,7,740.675387892793,105.81076969897042,Text,3034,keyword,Active,2.6,Text,Active
177,2019-02-24,miratrix_ppc_adgroup,2.3951754580150886,1.990521327014218,miratrix_ppc,100,2.843601895734597,6,505.3820216411837,84.23033694019729,Text,420,keyword,Active,2.6,Text,Active
178,2019-02-25,miratrix_ppc_adgroup,2.4101560666793684,7.954898911353033,miratrix_ppc,81,1.5552099533437014,10,1549.730350874834,154.9730350874834,Text,5115,keyword,Active,2.6,Text,Active
179,2019-02-26,miratrix_ppc_adgroup,2.5182046446672297,5.144893111638955,miratrix_ppc,65,1.0688836104513064,9,2120.3283108098076,235.59203453442308,Text,4332,keyword,Active,2.6,Text,Active
180,2019-02-27,miratrix_ppc_adgroup,2.4052417741750256,317.16129032258067,miratrix_ppc,34,3.225806451612903,1,74.5624949994258,74.5624949994258,Text,9832,keyword,Active,2.6,Text,Active
181,2019-02-28,miratrix_ppc_adgroup,2.459087910096128,9.534591194968554,miratrix_ppc,13,1.5723270440251573,5,781.9899554105688,156.39799108211375,Text,3032,keyword,Active,2.6,Text,Active
182,2019-03-01,miratrix_ppc_adgroup,2.4613392873715347,3.580060422960725,miratrix_ppc,38,1.5105740181268883,5,814.703304119978,162.94066082399561,Text,1185,keyword,Active,2.6,Text,Active
183,2019-03-02,miratrix_ppc_adgroup,2.399617551216087,85.26666666666667,miratrix_ppc,63,5.714285714285714,6,251.95984287768914,41.99330714628152,Text,8953,keyword,Active,2.6,Text,Active
184,2019-03-03,miratrix_ppc_adgroup,2.4543239464200353,36.35028248587571,miratrix_ppc,18,3.389830508474576,6,434.41533851634625,72.40255641939105,Text,6434,keyword,Active,2.6,Text,Active
185,2019-03-04,miratrix_ppc_adgroup,2.526419907244835,14.788235294117648,miratrix_ppc,86,7.0588235294117645,6,214.74569211581098,35.790948685968495,Text,1257,keyword,Active,2.6,Text,Active
186,2019-03-05,miratrix_ppc_adgroup,2.5363412350227943,12.607518796992482,miratrix_ppc,41,0.15037593984962408,1,1686.6669212901581,1686.6669212901581,Text,8384,keyword,Active,2.6,Text,Active
187,2019-03-06,miratrix_ppc_adgroup,2.3937168467136596,8.614266842800529,miratrix_ppc,39,1.1889035667107,9,1812.0436529622402,201.33818366247112,Text,6521,keyword,Active,2.6,Text,Active
188,2019-03-07,miratrix_ppc_adgroup,2.4414508758123485,21.750551876379692,miratrix_ppc,62,1.9867549668874174,9,1105.9772467429939,122.88636074922154,Text,9853,keyword,Active,2.6,Text,Active
189,2019-03-08,miratrix_ppc_adgroup,2.5297225013518316,9.675869120654397,miratrix_ppc,50,0.9202453987730062,9,2474.0686063220915,274.8965118135657,Text,9463,keyword,Active,2.6,Text,Active
190,2019-03-09,miratrix_ppc_adgroup,2.461720660672956,9.537861915367483,miratrix_ppc,39,0.779510022271715,7,2210.6251532843144,315.8035933263306,Text,8565,keyword,Active,2.6,Text,Active
191,2019-03-10,miratrix_ppc_adgroup,2.413014180767154,11.166666666666666,miratrix_ppc,50,1.2919896640826873,10,1867.6729759137772,186.7672975913777,Text,8643,keyword,Active,2.6,Text,Active
192,2019-03-11,miratrix_ppc_adgroup,2.533278779585522,5.739726027397261,miratrix_ppc,67,0.76103500761035,5,1664.364158187688,332.8728316375376,Text,3771,keyword,Active,2.6,Text,Active
193,2019-03-12,miratrix_ppc_adgroup,2.4503294242122644,11.993968636911942,miratrix_ppc,72,0.48250904704463204,4,2031.3230926719673,507.8307731679918,Text,9943,keyword,Active,2.6,Text,Active
194,2019-03-13,miratrix_ppc_adgroup,2.5073817153580404,14.729083665338646,miratrix_ppc,22,3.187250996015936,8,629.3528105548681,78.66910131935852,Text,3697,keyword,Active,2.6,Text,Active
195,2019-03-14,miratrix_ppc_adgroup,2.483817025776834,275.53125,miratrix_ppc,62,9.375,3,79.4821448248587,26.4940482749529,Text,8817,keyword,Active,2.6,Text,Active
196,2019-03-15,miratrix_ppc_adgroup,2.4912398585761726,5.186116700201207,miratrix_ppc,24,0.4024144869215292,4,2476.2924194247157,619.0731048561789,Text,5155,keyword,Active,2.6,Text,Active
197,2019-03-16,miratrix_ppc_adgroup,2.4127645576041723,0.25232558139534883,miratrix_ppc,32,0.23255813953488372,2,2074.9775195395882,1037.4887597697941,Text,217,keyword,Active,2.6,Text,Active
198,2019-03-17,miratrix_ppc_adgroup,2.3998624257027186,2.800988875154512,miratrix_ppc,5,0.9888751545117428,8,1941.4887023934994,242.68608779918742,Text,2266,keyword,Active,2.6,Text,Active
199,2019-03-18,miratrix_ppc_adgroup,2.491727764346245,7.46875,miratrix_ppc,64,1.25,4,797.3528845907983,199.33822114769958,Text,2390,keyword,Active,2.6,Text,Active
200,2019-03-19,miratrix_ppc_adgroup,2.422114305048343,8.899848254931715,miratrix_ppc,66,0.9104704097116844,6,1596.173327026858,266.0288878378097,Text,5865,keyword,Active,2.6,Text,Active
201,2019-03-20,miratrix_ppc_adgroup,2.4425553095108037,740.0,miratrix_ppc,4,250.0,5,4.885110619021607,0.9770221238043215,Text,1480,keyword,Active,2.6,Text,Active
202,2019-03-21,miratrix_ppc_adgroup,2.449405945576165,1034.2222222222222,miratrix_ppc,78,11.11111111111111,1,22.044653510185483,22.044653510185483,Text,9308,keyword,Active,2.6,Text,Active
203,2019-03-22,miratrix_ppc_adgroup,2.402509087599593,55.733333333333334,miratrix_ppc,31,15.555555555555555,7,108.11290894198169,15.444701277425954,Text,2508,keyword,Active,2.6,Text,Active
204,2019-03-23,miratrix_ppc_adgroup,2.5499746251613757,13.848837209302326,miratrix_ppc,3,2.9069767441860463,10,877.1912710555132,87.71912710555132,Text,4764,keyword,Active,2.6,Text,Active
205,2019-03-24,miratrix_ppc_adgroup,2.528424166333721,10.93861386138614,miratrix_ppc,79,0.7920792079207921,4,1276.854203998529,319.2135509996323,Text,5524,keyword,Active,2.6,Text,Active
206,2019-03-25,miratrix_ppc_adgroup,2.434649666988888,22.53488372093023,miratrix_ppc,48,20.930232558139537,9,104.68993568052218,11.632215075613576,Text,969,keyword,Active,2.6,Text,Active
207,2019-03-26,miratrix_ppc_adgroup,2.4162479582320655,2.867243867243867,miratrix_ppc,52,0.2886002886002886,2,1674.4598350548215,837.2299175274107,Text,1987,keyword,Active,2.6,Text,Active
208,2019-03-27,miratrix_ppc_adgroup,2.465334909736408,3.449877750611247,miratrix_ppc,47,1.2224938875305624,10,2016.6439561643817,201.66439561643818,Text,2822,keyword,Active,2.6,Text,Active
209,2019-03-28,miratrix_ppc_adgroup,2.449692645696715,1.411378555798687,miratrix_ppc,69,0.5470459518599562,5,2239.0190781667975,447.8038156333595,Text,1290,keyword,Active,2.6,Text,Active
210,2019-03-29,miratrix_ppc_adgroup,2.449597712494238,219.02857142857144,miratrix_ppc,13,22.857142857142858,8,85.73591993729833,10.716989992162292,Text,7666,keyword,Active,2.6,Text,Active
211,2019-03-30,miratrix_ppc_adgroup,2.4299024399154057,9.150229357798166,miratrix_ppc,90,0.6880733944954129,6,2118.8749276062335,353.14582126770557,Text,7979,keyword,Active,2.6,Text,Active
212,2019-03-31,miratrix_ppc_adgroup,2.5225059639916645,11.768240343347639,miratrix_ppc,8,1.2875536480686696,3,587.7438896100579,195.9146298700193,Text,2742,keyword,Active,2.6,Text,Active
213,2019-04-01,miratrix_ppc_adgroup,2.435755305976069,99.19354838709677,miratrix_ppc,21,5.376344086021505,5,226.5252434557744,45.30504869115488,Text,9225,keyword,Active,2.6,Text,Active
214,2019-04-02,miratrix_ppc_adgroup,2.411898919789891,2.2961783439490446,miratrix_ppc,80,0.743099787685775,7,2272.008782442077,324.572683206011,Text,2163,keyword,Active,2.6,Text,Active
215,2019-04-03,miratrix_ppc_adgroup,2.535818486132934,23.423076923076923,miratrix_ppc,91,1.9230769230769231,4,527.4502451156502,131.86256127891255,Text,4872,keyword,Active,2.6,Text,Active
216,2019-04-04,miratrix_ppc_adgroup,2.4954694503397983,11.11609907120743,miratrix_ppc,49,0.9287925696594427,6,1612.0732649195097,268.67887748658495,Text,7181,keyword,Active,2.6,Text,Active
217,2019-04-05,miratrix_ppc_adgroup,2.4639975753083823,7.145030425963489,miratrix_ppc,79,0.3042596348884381,3,2429.501609254065,809.833869751355,Text,7045,keyword,Active,2.6,Text,Active
218,2019-04-06,miratrix_ppc_adgroup,2.4244556356892364,35.280701754385966,miratrix_ppc,2,3.508771929824561,4,276.38794246857293,69.09698561714323,Text,4022,keyword,Active,2.6,Text,Active
219,2019-04-07,miratrix_ppc_adgroup,2.4837726711107075,8.044776119402986,miratrix_ppc,54,0.9497964721845319,7,1830.5404586085915,261.50577980122733,Text,5929,keyword,Active,2.6,Text,Active
220,2019-04-08,miratrix_ppc_adgroup,2.486581220997087,70.76691729323308,miratrix_ppc,52,5.263157894736842,7,330.71530239261256,47.24504319894465,Text,9412,keyword,Active,2.6,Text,Active
221,2019-04-09,miratrix_ppc_adgroup,2.546957128256113,32.36231884057971,miratrix_ppc,99,2.898550724637681,8,702.9601673986872,87.8700209248359,Text,8932,keyword,Active,2.6,Text,Active
222,2019-04-10,miratrix_ppc_adgroup,2.5030327161486063,11.095679012345679,miratrix_ppc,97,3.0864197530864197,10,810.9826000321484,81.09826000321485,Text,3595,keyword,Active,2.6,Text,Active
223,2019-04-11,miratrix_ppc_adgroup,2.462182940487817,11.626463700234192,miratrix_ppc,16,0.819672131147541,7,2102.7042311765954,300.3863187395136,Text,9929,keyword,Active,2.6,Text,Active
224,2019-04-12,miratrix_ppc_adgroup,2.4147944748482137,22.085972850678733,miratrix_ppc,42,1.3574660633484164,3,533.6695789414553,177.88985964715175,Text,4881,keyword,Active,2.6,Text,Active
225,2019-04-13,miratrix_ppc_adgroup,2.509943129877649,78.808,miratrix_ppc,28,4.0,5,313.7428912347061,62.74857824694122,Text,9851,keyword,Active,2.6,Text,Active
226,2019-04-14,miratrix_ppc_adgroup,2.5311074271951237,5.606091370558375,miratrix_ppc,46,0.10152284263959391,1,2493.140815787197,2493.140815787197,Text,5522,keyword,Active,2.6,Text,Active
227,2019-04-15,miratrix_ppc_adgroup,2.4061395969215345,9.3966065747614,miratrix_ppc,99,0.6362672322375398,6,2268.989639897007,378.1649399828345,Text,8861,keyword,Active,2.6,Text,Active
228,2019-04-16,miratrix_ppc_adgroup,2.520241462050667,90.02631578947368,miratrix_ppc,21,5.263157894736842,2,95.76917555792535,47.884587778962675,Text,3421,keyword,Active,2.6,Text,Active
229,2019-04-17,miratrix_ppc_adgroup,2.4861589140842053,2.2694300518134716,miratrix_ppc,27,0.5181347150259068,2,959.6573408365033,479.82867041825165,Text,876,keyword,Active,2.6,Text,Active
230,2019-04-18,miratrix_ppc_adgroup,2.410511955735499,3.2379958246346554,miratrix_ppc,78,1.0438413361169103,10,2309.2704535946077,230.92704535946078,Text,3102,keyword,Active,2.6,Text,Active
231,2019-04-19,miratrix_ppc_adgroup,2.470537520578215,2.105643994211288,miratrix_ppc,51,0.723589001447178,5,1707.1414267195466,341.42828534390935,Text,1455,keyword,Active,2.6,Text,Active
232,2019-04-20,miratrix_ppc_adgroup,2.408350727968461,11.21551724137931,miratrix_ppc,35,0.6896551724137931,4,1396.8434222217074,349.21085555542686,Text,6505,keyword,Active,2.6,Text,Active
233,2019-04-21,miratrix_ppc_adgroup,2.44769805764874,9.468253968253968,miratrix_ppc,69,0.9070294784580499,8,2158.8696868461884,269.85871085577355,Text,8351,keyword,Active,2.6,Text,Active
234,2019-04-22,miratrix_ppc_adgroup,2.5005080538874207,12.913333333333334,miratrix_ppc,80,0.6666666666666667,1,375.0762080831131,375.0762080831131,Text,1937,keyword,Active,2.6,Text,Active
235,2019-04-23,miratrix_ppc_adgroup,2.510413030230468,2.687179487179487,miratrix_ppc,61,0.3076923076923077,3,2447.6527044747063,815.8842348249021,Text,2620,keyword,Active,2.6,Text,Active
236,2019-04-24,miratrix_ppc_adgroup,2.5069618152540865,16.30570902394107,miratrix_ppc,84,0.1841620626151013,1,1361.280265682969,1361.280265682969,Text,8854,keyword,Active,2.6,Text,Active
237,2019-04-25,miratrix_ppc_adgroup,2.5352123862303797,9.221251819505095,miratrix_ppc,19,1.3100436681222707,9,1741.6909093402708,193.52121214891898,Text,6335,keyword,Active,2.6,Text,Active
238,2019-04-26,miratrix_ppc_adgroup,2.5022180025063836,22.385026737967916,miratrix_ppc,64,2.13903743315508,8,935.8295329373875,116.97869161717344,Text,8372,keyword,Active,2.6,Text,Active
239,2019-04-27,miratrix_ppc_adgroup,2.5230470938934597,0.06872852233676977,miratrix_ppc,94,0.3436426116838488,2,1468.4134086459935,734.2067043229968,Text,40,keyword,Active,2.6,Text,Active
240,2019-04-28,miratrix_ppc_adgroup,2.4042666549481027,7.508875739644971,miratrix_ppc,92,1.183431952662722,10,2031.6053234311466,203.16053234311465,Text,6345,keyword,Active,2.6,Text,Active
241,2019-04-29,miratrix_ppc_adgroup,2.5091360266625355,7.671309192200557,miratrix_ppc,58,1.6713091922005572,6,900.7798335718503,150.12997226197504,Text,2754,keyword,Active,2.6,Text,Active
242,2019-04-30,miratrix_ppc_adgroup,2.5455724298200963,809.5,miratrix_ppc,60,70.0,7,25.455724298200963,3.6365320426001375,Text,8095,keyword,Active,2.6,Text,Active
243,2019-05-01,miratrix_ppc_adgroup,2.438950281810887,10.463414634146341,miratrix_ppc,98,0.8869179600886918,8,2199.93315419342,274.9916442741775,Text,9438,keyword,Active,2.6,Text,Active
244,2019-05-02,miratrix_ppc_adgroup,2.4754100505887426,10.11948051948052,miratrix_ppc,25,0.5194805194805194,2,953.032869476666,476.516434738333,Text,3896,keyword,Active,2.6,Text,Active
245,2019-05-03,miratrix_ppc_adgroup,2.4906698701874883,2.8412698412698414,miratrix_ppc,4,4.761904761904762,6,313.82440364362355,52.30406727393726,Text,358,keyword,Active,2.6,Text,Active
246,2019-05-04,miratrix_ppc_adgroup,2.4226920614581218,6.768571428571429,miratrix_ppc,80,1.4285714285714286,5,847.9422215103426,169.58844430206852,Text,2369,keyword,Active,2.6,Text,Active
247,2019-05-05,miratrix_ppc_adgroup,2.404116112171346,4.510355029585799,miratrix_ppc,74,0.7396449704142012,5,1625.18249182783,325.036498365566,Text,3049,keyword,Active,2.6,Text,Active
248,2019-05-06,miratrix_ppc_adgroup,2.4749728478602355,2.498069498069498,miratrix_ppc,48,0.5791505791505791,3,1282.035935191602,427.345311730534,Text,1294,keyword,Active,2.6,Text,Active
249,2019-05-07,miratrix_ppc_adgroup,2.454041266710006,15.266998341625207,miratrix_ppc,96,0.6633499170812603,4,1479.7868838261338,369.94672095653345,Text,9206,keyword,Active,2.6,Text,Active
250,2019-05-08,miratrix_ppc_adgroup,2.4242522182618953,11.05281690140845,miratrix_ppc,4,0.2347417840375587,2,2065.462889959135,1032.7314449795674,Text,9417,keyword,Active,2.6,Text,Active
251,2019-05-09,miratrix_ppc_adgroup,2.396882725844281,4.008431703204047,miratrix_ppc,50,0.6745362563237773,4,1421.3514564256586,355.33786410641466,Text,2377,keyword,Active,2.6,Text,Active
252,2019-05-10,miratrix_ppc_adgroup,2.481001688204882,20.574193548387097,miratrix_ppc,44,1.935483870967742,6,769.1105233435134,128.18508722391888,Text,6378,keyword,Active,2.6,Text,Active
253,2019-05-11,miratrix_ppc_adgroup,2.5223738623444243,2.6916802610114194,miratrix_ppc,77,1.3050570962479608,8,1546.215177617132,193.2768972021415,Text,1650,keyword,Active,2.6,Text,Active
254,2019-05-12,miratrix_ppc_adgroup,2.538489102124779,18.572207084468666,miratrix_ppc,60,2.452316076294278,9,931.6255004797939,103.51394449775488,Text,6816,keyword,Active,2.6,Text,Active
255,2019-05-13,miratrix_ppc_adgroup,2.4627273789698423,0.696,miratrix_ppc,50,2.4,3,307.8409223712303,102.6136407904101,Text,87,keyword,Active,2.6,Text,Active
256,2019-05-14,miratrix_ppc_adgroup,2.484005073713576,9.226364846870839,miratrix_ppc,40,1.1984021304926764,9,1865.4878103588956,207.2764233732106,Text,6929,keyword,Active,2.6,Text,Active
257,2019-05-15,miratrix_ppc_adgroup,2.453910992050089,33.8125,miratrix_ppc,63,6.25,9,353.3631828552128,39.26257587280142,Text,4869,keyword,Active,2.6,Text,Active
258,2019-05-16,miratrix_ppc_adgroup,2.432364865372804,2.860115606936416,miratrix_ppc,14,0.11560693641618498,1,2103.9956085474755,2103.9956085474755,Text,2474,keyword,Active,2.6,Text,Active
259,2019-05-17,miratrix_ppc_adgroup,2.5080844660191923,24.287179487179486,miratrix_ppc,30,1.282051282051282,5,978.152941747485,195.630588349497,Text,9472,keyword,Active,2.6,Text,Active
260,2019-05-18,miratrix_ppc_adgroup,2.532176456624065,28.761363636363637,miratrix_ppc,35,0.3787878787878788,1,668.4945845487532,668.4945845487532,Text,7593,keyword,Active,2.6,Text,Active
261,2019-05-19,miratrix_ppc_adgroup,2.5355854017020283,17.061185468451242,miratrix_ppc,85,1.147227533460803,6,1326.1111650901607,221.0185275150268,Text,8923,keyword,Active,2.6,Text,Active
262,2019-05-20,miratrix_ppc_adgroup,2.3926290102957806,14.233193277310924,miratrix_ppc,37,0.42016806722689076,2,1138.8914089007915,569.4457044503957,Text,6775,keyword,Active,2.6,Text,Active
263,2019-05-21,miratrix_ppc_adgroup,2.448610880853117,32.15447154471545,miratrix_ppc,33,8.130081300813007,10,301.1791383449334,30.11791383449334,Text,3955,keyword,Active,2.6,Text,Active
264,2019-05-22,miratrix_ppc_adgroup,2.3998073270212634,72.89473684210526,miratrix_ppc,37,10.526315789473683,6,136.78901764021202,22.798169606702004,Text,4155,keyword,Active,2.6,Text,Active
265,2019-05-23,miratrix_ppc_adgroup,2.463527443999242,0.4098159509202454,miratrix_ppc,61,0.98159509202454,8,2007.7748668593822,250.97185835742278,Text,334,keyword,Active,2.6,Text,Active
266,2019-05-24,miratrix_ppc_adgroup,2.4445789619601084,19.794285714285714,miratrix_ppc,86,3.428571428571429,6,427.801318343019,71.30021972383649,Text,3464,keyword,Active,2.6,Text,Active
267,2019-05-25,miratrix_ppc_adgroup,2.5032538986323103,3.9201807228915664,miratrix_ppc,3,0.7530120481927711,5,1662.160588691854,332.4321177383708,Text,2603,keyword,Active,2.6,Text,Active
268,2019-05-26,miratrix_ppc_adgroup,2.485818301711311,5.473002159827214,miratrix_ppc,75,0.21598272138228944,1,1150.933873692337,1150.933873692337,Text,2534,keyword,Active,2.6,Text,Active
269,2019-05-27,miratrix_ppc_adgroup,2.5108937552083637,96.47916666666667,miratrix_ppc,27,4.166666666666666,4,241.0458005000029,60.26145012500073,Text,9262,keyword,Active,2.6,Text,Active
270,2019-05-28,miratrix_ppc_adgroup,2.4372036492241325,164.75555555555556,miratrix_ppc,22,11.11111111111111,5,109.67416421508597,21.934832843017194,Text,7414,keyword,Active,2.6,Text,Active
271,2019-05-29,miratrix_ppc_adgroup,2.5488808205017683,35.82446808510638,miratrix_ppc,79,3.723404255319149,7,479.18959425433246,68.45565632204749,Text,6735,keyword,Active,2.6,Text,Active
272,2019-05-30,miratrix_ppc_adgroup,2.3921712018864727,5.453954496208017,miratrix_ppc,14,0.3250270855904659,3,2207.9740193412144,735.9913397804048,Text,5034,keyword,Active,2.6,Text,Active
273,2019-05-31,miratrix_ppc_adgroup,2.430336369867085,3.4903474903474905,miratrix_ppc,43,0.6435006435006435,5,1888.371359386725,377.674271877345,Text,2712,keyword,Active,2.6,Text,Active
274,2019-06-01,miratrix_ppc_adgroup,2.477312793231057,4.767195767195767,miratrix_ppc,3,0.6349206349206349,6,2341.0605896033485,390.17676493389143,Text,4505,keyword,Active,2.6,Text,Active
275,2019-06-02,miratrix_ppc_adgroup,2.5320166734116283,6.502103786816269,miratrix_ppc,65,1.1220196353436185,8,1805.327888142491,225.66598601781138,Text,4636,keyword,Active,2.6,Text,Active
276,2019-06-03,miratrix_ppc_adgroup,2.3990651780785353,21.697142857142858,miratrix_ppc,22,1.1428571428571428,4,839.6728123274873,209.91820308187184,Text,7594,keyword,Active,2.6,Text,Active
277,2019-06-04,miratrix_ppc_adgroup,2.391703669861958,9.230270270270271,miratrix_ppc,61,1.0810810810810811,10,2212.3258946223114,221.23258946223115,Text,8538,keyword,Active,2.6,Text,Active
278,2019-06-05,miratrix_ppc_adgroup,2.423953848837734,48.12738853503185,miratrix_ppc,20,3.821656050955414,6,380.5607542675242,63.4267923779207,Text,7556,keyword,Active,2.6,Text,Active
279,2019-06-06,miratrix_ppc_adgroup,2.5462366510247003,6.00462962962963,miratrix_ppc,96,0.3472222222222222,3,2199.948466485341,733.3161554951138,Text,5188,keyword,Active,2.6,Text,Active
280,2019-06-07,miratrix_ppc_adgroup,2.413901438779884,35.31021897810219,miratrix_ppc,93,3.64963503649635,10,661.4089942256883,66.14089942256882,Text,9675,keyword,Active,2.6,Text,Active
281,2019-06-08,miratrix_ppc_adgroup,2.516766482956243,13.587962962962964,miratrix_ppc,77,2.314814814814815,5,543.6215603185485,108.7243120637097,Text,2935,keyword,Active,2.6,Text,Active
282,2019-06-09,miratrix_ppc_adgroup,2.4899612412673062,3.367088607594937,miratrix_ppc,24,0.3616636528028933,2,1376.9485664208203,688.4742832104101,Text,1862,keyword,Active,2.6,Text,Active
283,2019-06-10,miratrix_ppc_adgroup,2.4656438877117512,362.6666666666667,miratrix_ppc,17,33.33333333333333,6,44.38158997881152,7.396931663135253,Text,6528,keyword,Active,2.6,Text,Active
284,2019-06-11,miratrix_ppc_adgroup,2.4488077233656758,5.944146079484425,miratrix_ppc,35,0.21482277121374865,2,2279.839990453444,1139.919995226722,Text,5534,keyword,Active,2.6,Text,Active
285,2019-06-12,miratrix_ppc_adgroup,2.4702251183664425,5.08,miratrix_ppc,61,0.14814814814814814,1,1667.4019548973488,1667.4019548973488,Text,3429,keyword,Active,2.6,Text,Active
286,2019-06-13,miratrix_ppc_adgroup,2.4090843648368483,16.73873873873874,miratrix_ppc,41,1.8018018018018018,2,267.40836449689016,133.70418224844508,Text,1858,keyword,Active,2.6,Text,Active
287,2019-06-14,miratrix_ppc_adgroup,2.5294588793550266,119.02325581395348,miratrix_ppc,66,16.27906976744186,7,108.76673181226614,15.53810454460945,Text,5118,keyword,Active,2.6,Text,Active
288,2019-06-15,miratrix_ppc_adgroup,2.546565567360887,6.379084967320262,miratrix_ppc,4,0.49019607843137253,3,1558.4981272248629,519.499375741621,Text,3904,keyword,Active,2.6,Text,Active
289,2019-06-16,miratrix_ppc_adgroup,2.424938770982562,1.8811111111111112,miratrix_ppc,35,0.4444444444444444,4,2182.4448938843057,545.6112234710764,Text,1693,keyword,Active,2.6,Text,Active
290,2019-06-17,miratrix_ppc_adgroup,2.4451388283496334,1.4077046548956662,miratrix_ppc,81,0.16051364365971107,1,1523.3214900618216,1523.3214900618216,Text,877,keyword,Active,2.6,Text,Active
291,2019-06-18,miratrix_ppc_adgroup,2.503949156113597,6.318534961154273,miratrix_ppc,54,0.5549389567147613,5,2256.0581896583512,451.2116379316702,Text,5693,keyword,Active,2.6,Text,Active
292,2019-06-19,miratrix_ppc_adgroup,2.472832800316609,40.612612612612615,miratrix_ppc,21,3.153153153153153,7,548.9688816702871,78.42412595289817,Text,9016,keyword,Active,2.6,Text,Active
293,2019-06-20,miratrix_ppc_adgroup,2.4895065085192787,82.30701754385964,miratrix_ppc,90,0.8771929824561403,1,283.8037419711978,283.8037419711978,Text,9383,keyword,Active,2.6,Text,Active
294,2019-06-21,miratrix_ppc_adgroup,2.4871655311358416,9.414733969986358,miratrix_ppc,51,1.364256480218281,10,1823.0923343225718,182.30923343225717,Text,6901,keyword,Active,2.6,Text,Active
295,2019-06-22,miratrix_ppc_adgroup,2.4352947816868684,16.0,miratrix_ppc,12,1.8867924528301887,2,258.1412468588081,129.07062342940404,Text,1696,keyword,Active,2.6,Text,Active
296,2019-06-23,miratrix_ppc_adgroup,2.489850948456586,6.298039215686274,miratrix_ppc,20,2.7450980392156863,7,634.9119918564294,90.70171312234706,Text,1606,keyword,Active,2.6,Text,Active
297,2019-06-24,miratrix_ppc_adgroup,2.5009865664558104,158.05555555555554,miratrix_ppc,48,16.666666666666664,3,45.01775819620459,15.005919398734862,Text,2845,keyword,Active,2.6,Text,Active
298,2019-06-25,miratrix_ppc_adgroup,2.526764896606352,2.09375,miratrix_ppc,82,1.0416666666666665,10,2425.6943007420978,242.56943007420978,Text,2010,keyword,Active,2.6,Text,Active
299,2019-06-26,miratrix_ppc_adgroup,2.4699259377756304,1.4151898734177215,miratrix_ppc,14,2.278481012658228,9,975.6207454213741,108.40230504681934,Text,559,keyword,Active,2.6,Text,Active
300,2019-06-27,miratrix_ppc_adgroup,2.4476079051442814,8.762135922330097,miratrix_ppc,47,0.3640776699029126,3,2016.828913838888,672.2763046129627,Text,7220,keyword,Active,2.6,Text,Active
301,2019-06-28,miratrix_ppc_adgroup,2.473494873995734,3.7072192513368982,miratrix_ppc,75,1.2032085561497325,9,1850.1741657488092,205.57490730542324,Text,2773,keyword,Active,2.6,Text,Active
302,2019-06-29,miratrix_ppc_adgroup,2.5125476833829326,18.334426229508196,miratrix_ppc,30,0.6557377049180327,2,766.3270434317944,383.1635217158972,Text,5592,keyword,Active,2.6,Text,Active
303,2019-06-30,miratrix_ppc_adgroup,2.409846131264494,46.88942307692308,miratrix_ppc,80,0.4807692307692308,1,501.2479953030147,501.2479953030147,Text,9753,keyword,Active,2.6,Text,Active
304,2019-07-01,miratrix_ppc_adgroup,2.4984894213234035,25.097744360902254,miratrix_ppc,9,1.5037593984962405,2,332.29909303601266,166.14954651800633,Text,3338,keyword,Active,2.6,Text,Active
305,2019-07-02,miratrix_ppc_adgroup,2.491483370990534,33.50370370370371,miratrix_ppc,42,5.185185185185185,7,336.35025508372206,48.05003644053172,Text,4523,keyword,Active,2.6,Text,Active
306,2019-07-03,miratrix_ppc_adgroup,2.3982445623308197,21.41176470588235,miratrix_ppc,16,0.8403361344537815,1,285.39110291736756,285.39110291736756,Text,2548,keyword,Active,2.6,Text,Active
307,2019-07-04,miratrix_ppc_adgroup,2.5311355329923924,5.484615384615385,miratrix_ppc,69,2.051282051282051,8,987.1428578670331,123.39285723337913,Text,2139,keyword,Active,2.6,Text,Active
308,2019-07-05,miratrix_ppc_adgroup,2.39623609844486,4.417797888386124,miratrix_ppc,30,1.206636500754148,8,1588.704533268942,198.58806665861775,Text,2929,keyword,Active,2.6,Text,Active
309,2019-07-06,miratrix_ppc_adgroup,2.498884164378987,8.415384615384616,miratrix_ppc,27,1.8461538461538463,6,812.1373534231708,135.35622557052847,Text,2735,keyword,Active,2.6,Text,Active
310,2019-07-07,miratrix_ppc_adgroup,2.4571680352222356,16.138121546961326,miratrix_ppc,7,1.6574585635359116,9,1334.242243125674,148.24913812507486,Text,8763,keyword,Active,2.6,Text,Active
311,2019-07-08,miratrix_ppc_adgroup,2.40853502263656,8.081659973226238,miratrix_ppc,91,0.9370816599732262,7,1799.1756619095102,257.02509455850145,Text,6037,keyword,Active,2.6,Text,Active
312,2019-07-09,miratrix_ppc_adgroup,2.3932564307881647,47.63945578231292,miratrix_ppc,85,6.122448979591836,9,351.80869532586024,39.08985503620669,Text,7003,keyword,Active,2.6,Text,Active
313,2019-07-10,miratrix_ppc_adgroup,2.4101818654943954,2.2964509394572024,miratrix_ppc,83,2.0876826722338206,10,1154.4771135718154,115.44771135718153,Text,1100,keyword,Active,2.6,Text,Active
314,2019-07-11,miratrix_ppc_adgroup,2.443135395313197,10.77841561423651,miratrix_ppc,33,0.2296211251435132,2,2127.970929317795,1063.9854646588974,Text,9388,keyword,Active,2.6,Text,Active
315,2019-07-12,miratrix_ppc_adgroup,2.398999414629398,7.3679706601467,miratrix_ppc,73,0.12224938875305623,1,1962.3815211668475,1962.3815211668475,Text,6027,keyword,Active,2.6,Text,Active
316,2019-07-13,miratrix_ppc_adgroup,2.4257582708751553,1.957070707070707,miratrix_ppc,50,1.2626262626262625,5,960.6002752665615,192.1200550533123,Text,775,keyword,Active,2.6,Text,Active
317,2019-07-14,miratrix_ppc_adgroup,2.4400945978864144,27.051948051948052,miratrix_ppc,44,2.5974025974025974,8,751.5491361490156,93.94364201862695,Text,8332,keyword,Active,2.6,Text,Active
318,2019-07-15,miratrix_ppc_adgroup,2.4628710150613466,4.628647214854111,miratrix_ppc,31,1.5915119363395225,6,928.5023726781277,154.75039544635462,Text,1745,keyword,Active,2.6,Text,Active
319,2019-07-16,miratrix_ppc_adgroup,2.4503416713883643,43.05429864253394,miratrix_ppc,39,0.904977375565611,2,541.5255093768285,270.76275468841425,Text,9515,keyword,Active,2.6,Text,Active
320,2019-07-17,miratrix_ppc_adgroup,2.4700730522502248,15.068181818181818,miratrix_ppc,43,0.2066115702479339,1,1195.5153572891088,1195.5153572891088,Text,7293,keyword,Active,2.6,Text,Active
321,2019-07-18,miratrix_ppc_adgroup,2.4825049016588654,10.526184538653366,miratrix_ppc,61,0.7481296758104738,6,1990.96893113041,331.8281551884017,Text,8442,keyword,Active,2.6,Text,Active
322,2019-07-19,miratrix_ppc_adgroup,2.440355606587812,24.659003831417625,miratrix_ppc,2,1.9157088122605364,5,636.9328133194189,127.38656266388378,Text,6436,keyword,Active,2.6,Text,Active
323,2019-07-20,miratrix_ppc_adgroup,2.4613684656934884,9.023715415019764,miratrix_ppc,35,0.13175230566534915,1,1868.1786654613577,1868.1786654613577,Text,6849,keyword,Active,2.6,Text,Active
324,2019-07-21,miratrix_ppc_adgroup,2.521803594083854,9.345523329129886,miratrix_ppc,30,0.8827238335435058,7,1999.7902501084961,285.68432144407086,Text,7411,keyword,Active,2.6,Text,Active
325,2019-07-22,miratrix_ppc_adgroup,2.416465789723564,4.136222910216718,miratrix_ppc,63,3.0959752321981426,10,780.5184500807112,78.05184500807113,Text,1336,keyword,Active,2.6,Text,Active
326,2019-07-23,miratrix_ppc_adgroup,2.5193875479523706,8.821345707656613,miratrix_ppc,20,1.8561484918793503,8,1085.8560331674717,135.73200414593396,Text,3802,keyword,Active,2.6,Text,Active
327,2019-07-24,miratrix_ppc_adgroup,2.5456331646717962,2308.5,miratrix_ppc,5,150.0,6,10.182532658687185,1.6970887764478642,Text,9234,keyword,Active,2.6,Text,Active
328,2019-07-25,miratrix_ppc_adgroup,2.508212305844787,13.137420718816067,miratrix_ppc,25,1.0570824524312896,5,1186.3844206645842,237.27688413291685,Text,6214,keyword,Active,2.6,Text,Active
329,2019-07-26,miratrix_ppc_adgroup,2.5144178550423186,6.789725209080048,miratrix_ppc,69,0.955794504181601,8,2104.567744670421,263.0709680838026,Text,5683,keyword,Active,2.6,Text,Active
330,2019-07-27,miratrix_ppc_adgroup,2.4061279278136305,7.047381546134663,miratrix_ppc,69,0.6234413965087282,5,1929.7145981065316,385.9429196213063,Text,5652,keyword,Active,2.6,Text,Active
331,2019-07-28,miratrix_ppc_adgroup,2.50634266831518,16.20682302771855,miratrix_ppc,37,1.7057569296375266,8,1175.4747114398194,146.93433892997743,Text,7601,keyword,Active,2.6,Text,Active
332,2019-07-29,miratrix_ppc_adgroup,2.522456533761904,12.371428571428572,miratrix_ppc,17,0.9022556390977444,6,1677.4335949516662,279.5722658252777,Text,8227,keyword,Active,2.6,Text,Active
333,2019-07-30,miratrix_ppc_adgroup,2.4263759012187185,25.49019607843137,miratrix_ppc,86,1.9607843137254901,7,866.2161967350825,123.74517096215463,Text,9100,keyword,Active,2.6,Text,Active
334,2019-07-31,miratrix_ppc_adgroup,2.4280327869581075,12.233766233766234,miratrix_ppc,32,0.7215007215007215,5,1682.6267213619685,336.5253442723937,Text,8478,keyword,Active,2.6,Text,Active
335,2019-08-01,miratrix_ppc_adgroup,2.5286858780983144,130.58823529411765,miratrix_ppc,99,35.294117647058826,6,42.987659927671345,7.164609987945224,Text,2220,keyword,Active,2.6,Text,Active
336,2019-08-02,miratrix_ppc_adgroup,2.399687799322338,5.808695652173913,miratrix_ppc,26,3.0434782608695654,7,551.9281938441378,78.84688483487683,Text,1336,keyword,Active,2.6,Text,Active
337,2019-08-03,miratrix_ppc_adgroup,2.4742439447914486,25.782608695652176,miratrix_ppc,17,17.391304347826086,4,56.90761073020332,14.22690268255083,Text,593,keyword,Active,2.6,Text,Active
338,2019-08-04,miratrix_ppc_adgroup,2.54612934123997,166.10526315789474,miratrix_ppc,50,5.263157894736842,2,96.75291496711887,48.376457483559435,Text,6312,keyword,Active,2.6,Text,Active
339,2019-08-05,miratrix_ppc_adgroup,2.5177295602463223,1.7371967654986522,miratrix_ppc,3,1.3477088948787064,10,1868.1553337027713,186.81553337027714,Text,1289,keyword,Active,2.6,Text,Active
340,2019-08-06,miratrix_ppc_adgroup,2.4772109287599298,247.16666666666666,miratrix_ppc,83,4.166666666666666,1,59.453062290238314,59.453062290238314,Text,5932,keyword,Active,2.6,Text,Active
341,2019-08-07,miratrix_ppc_adgroup,2.399248431571937,3.998473282442748,miratrix_ppc,94,1.5267175572519083,10,1571.5077226796186,157.15077226796186,Text,2619,keyword,Active,2.6,Text,Active
342,2019-08-08,miratrix_ppc_adgroup,2.5179431800238508,22.760563380281692,miratrix_ppc,95,2.3474178403755865,10,1072.6437946901603,107.26437946901603,Text,9696,keyword,Active,2.6,Text,Active
343,2019-08-09,miratrix_ppc_adgroup,2.489633187186998,134.5441176470588,miratrix_ppc,89,13.23529411764706,9,169.29505672871585,18.810561858746205,Text,9149,keyword,Active,2.6,Text,Active
344,2019-08-10,miratrix_ppc_adgroup,2.4078668968653787,6.338064516129032,miratrix_ppc,60,0.12903225806451613,1,1866.0968450706685,1866.0968450706685,Text,4912,keyword,Active,2.6,Text,Active
345,2019-08-11,miratrix_ppc_adgroup,2.407715507616327,7.515248796147673,miratrix_ppc,75,0.6420545746388443,4,1500.0067612449716,375.0016903112429,Text,4682,keyword,Active,2.6,Text,Active
346,2019-08-12,miratrix_ppc_adgroup,2.536923658252168,2.909920182440137,miratrix_ppc,1,0.6841505131128849,6,2224.8820482871515,370.81367471452523,Text,2552,keyword,Active,2.6,Text,Active
347,2019-08-13,miratrix_ppc_adgroup,2.4338470920582687,22.49624060150376,miratrix_ppc,70,2.0050125313283207,8,971.1049897312492,121.38812371640616,Text,8976,keyword,Active,2.6,Text,Active
348,2019-08-14,miratrix_ppc_adgroup,2.4780300615230675,36.65853658536585,miratrix_ppc,11,6.097560975609756,10,406.39693008978304,40.639693008978305,Text,6012,keyword,Active,2.6,Text,Active
349,2019-08-15,miratrix_ppc_adgroup,2.430228537404363,1.44140625,miratrix_ppc,88,2.34375,6,622.1385055755169,103.68975092925281,Text,369,keyword,Active,2.6,Text,Active
350,2019-08-16,miratrix_ppc_adgroup,2.4513826480007714,3.4731182795698925,miratrix_ppc,76,1.7204301075268817,8,1139.8929313203587,142.48661641504484,Text,1615,keyword,Active,2.6,Text,Active
351,2019-08-17,miratrix_ppc_adgroup,2.538827597250059,2.317135549872123,miratrix_ppc,62,0.8951406649616368,7,1985.3631810495463,283.6233115785066,Text,1812,keyword,Active,2.6,Text,Active
352,2019-08-18,miratrix_ppc_adgroup,2.4149277672509557,1.095427435387674,miratrix_ppc,25,0.3976143141153081,2,1214.7086669272308,607.3543334636154,Text,551,keyword,Active,2.6,Text,Active
353,2019-08-19,miratrix_ppc_adgroup,2.4126135534732756,54.49673202614379,miratrix_ppc,31,5.88235294117647,9,369.12987368141114,41.01443040904568,Text,8338,keyword,Active,2.6,Text,Active
354,2019-08-20,miratrix_ppc_adgroup,2.426928828116263,41.77622377622377,miratrix_ppc,62,4.895104895104895,7,347.0508224206256,49.57868891723223,Text,5974,keyword,Active,2.6,Text,Active
355,2019-08-21,miratrix_ppc_adgroup,2.4337859248942517,4.381443298969073,miratrix_ppc,82,0.3865979381443299,3,1888.6178777179393,629.5392925726464,Text,3400,keyword,Active,2.6,Text,Active
356,2019-08-22,miratrix_ppc_adgroup,2.524230689590943,34.650442477876105,miratrix_ppc,83,2.6548672566371683,6,570.4761358475531,95.07935597459219,Text,7831,keyword,Active,2.6,Text,Active
357,2019-08-23,miratrix_ppc_adgroup,2.464271123523679,9.985619469026549,miratrix_ppc,45,0.7743362831858407,7,2227.701095665406,318.24301366648655,Text,9027,keyword,Active,2.6,Text,Active
358,2019-08-24,miratrix_ppc_adgroup,2.4021707634222382,15.691176470588236,miratrix_ppc,76,1.680672268907563,8,1143.4332833889855,142.9291604236232,Text,7469,keyword,Active,2.6,Text,Active
359,2019-08-25,miratrix_ppc_adgroup,2.453373804392925,2.295489891135303,miratrix_ppc,37,1.3996889580093312,9,1577.519356224651,175.27992846940566,Text,1476,keyword,Active,2.6,Text,Active
360,2019-08-26,miratrix_ppc_adgroup,2.436434172254973,19.41424802110818,miratrix_ppc,100,2.1108179419525066,8,923.4085512846349,115.42606891057936,Text,7358,keyword,Active,2.6,Text,Active
361,2019-08-27,miratrix_ppc_adgroup,2.4304877977819794,9.2873786407767,miratrix_ppc,81,0.7766990291262136,4,1251.7012158577195,312.9253039644299,Text,4783,keyword,Active,2.6,Text,Active
362,2019-08-28,miratrix_ppc_adgroup,2.394921004128533,8.538243626062323,miratrix_ppc,28,2.5495750708215295,9,845.4071144573722,93.93412382859691,Text,3014,keyword,Active,2.6,Text,Active
363,2019-08-29,miratrix_ppc_adgroup,2.4136281026279978,0.008695652173913044,miratrix_ppc,76,4.3478260869565215,5,277.56723180221974,55.51344636044395,Text,1,keyword,Active,2.6,Text,Active
364,2019-08-30,miratrix_ppc_adgroup,2.4544007833458106,8.263269639065818,miratrix_ppc,66,2.1231422505307855,10,1156.0227689558767,115.60227689558766,Text,3892,keyword,Active,2.6,Text,Active
365,2019-08-31,miratrix_ppc_adgroup,2.4825404172685817,8.235188509874327,miratrix_ppc,13,1.2567324955116697,7,1382.7750124186,197.53928748837143,Text,4587,keyword,Active,2.6,Text,Active
